{
    "model.embed_tokens": 2122.9304812834225,
    "model.layers.0": 4131.935901988636,
    "model.layers.1": 2715.414438502674,
    "model.layers.2": 6178.010835535386,
    "model.layers.3": 1949.4144385026739,
    "model.layers.4": 1297.590909090909,
    "model.layers.5": 1044.8823529411766,
    "model.layers.6": 912.9679144385027,
    "model.layers.7": 903.8235294117648,
    "model.layers.8": 780.3075832428142,
    "model.layers.9": 786.8449197860963,
    "model.layers.10": 627.9946524064171,
    "model.layers.11": 633.2008794284759,
    "model.layers.12": 519.3395721925134,
    "model.layers.13": 479.5458958263703,
    "model.layers.14": 416.2633689839572,
    "model.layers.15": 407.18582887700535,
    "model.layers.16": 443.93907190006684,
    "model.layers.17": 436.22192513368987,
    "model.layers.18": 393.40106951871655,
    "model.layers.19": 393.36317680481284,
    "model.layers.20": 374.94919786096256,
    "model.layers.21": 340.8649732620321,
    "model.layers.22": 305.403743315508,
    "model.layers.23": 291.9979946524064,
    "model.layers.24": 278.6504010695187,
    "model.layers.25": 247.18382352941177,
    "model.layers.26": 208.56951871657753,
    "model.layers.27": 48.7696435285762,
    "model.norm": 0.002130681818181818,
    "lm_head.weight": 0.0
}